# ************************************************************
# Sequel Pro SQL dump
# Version 4096
#
# http://www.sequelpro.com/
# http://code.google.com/p/sequel-pro/
#
# Host: localhost (MySQL 5.6.19)
# Database: archdb
# Generation Time: 2015-04-10 04:49:35 +0000
# ************************************************************


/*!40101 SET @OLD_CHARACTER_SET_CLIENT=@@CHARACTER_SET_CLIENT */;
/*!40101 SET @OLD_CHARACTER_SET_RESULTS=@@CHARACTER_SET_RESULTS */;
/*!40101 SET @OLD_COLLATION_CONNECTION=@@COLLATION_CONNECTION */;
/*!40101 SET NAMES utf8 */;
/*!40014 SET @OLD_FOREIGN_KEY_CHECKS=@@FOREIGN_KEY_CHECKS, FOREIGN_KEY_CHECKS=0 */;
/*!40101 SET @OLD_SQL_MODE=@@SQL_MODE, SQL_MODE='NO_AUTO_VALUE_ON_ZERO' */;
/*!40111 SET @OLD_SQL_NOTES=@@SQL_NOTES, SQL_NOTES=0 */;


# Dump of table category
# ------------------------------------------------------------

DROP TABLE IF EXISTS `category`;

CREATE TABLE `category` (
  `id` int(11) unsigned NOT NULL AUTO_INCREMENT,
  `name` varchar(50) NOT NULL,
  PRIMARY KEY (`id`)
) ENGINE=InnoDB DEFAULT CHARSET=utf8;

LOCK TABLES `category` WRITE;
/*!40000 ALTER TABLE `category` DISABLE KEYS */;

INSERT INTO `category` (`id`, `name`)
VALUES
	(2,'Product'),
	(3,'T-Shirts');

/*!40000 ALTER TABLE `category` ENABLE KEYS */;
UNLOCK TABLES;


# Dump of table category_tree
# ------------------------------------------------------------

DROP TABLE IF EXISTS `category_tree`;

CREATE TABLE `category_tree` (
  `parent` int(11) unsigned NOT NULL,
  `child` int(11) unsigned NOT NULL,
  `depth` int(11) NOT NULL DEFAULT '0',
  PRIMARY KEY (`parent`,`child`),
  KEY `fk_category_tree_child_category` (`child`),
  CONSTRAINT `fk_category_tree_child_category` FOREIGN KEY (`child`) REFERENCES `category` (`id`) ON DELETE CASCADE,
  CONSTRAINT `fk_category_tree_parent_category` FOREIGN KEY (`parent`) REFERENCES `category` (`id`) ON DELETE CASCADE
) ENGINE=InnoDB DEFAULT CHARSET=utf8;

LOCK TABLES `category_tree` WRITE;
/*!40000 ALTER TABLE `category_tree` DISABLE KEYS */;

INSERT INTO `category_tree` (`parent`, `child`, `depth`)
VALUES
	(2,2,0);

/*!40000 ALTER TABLE `category_tree` ENABLE KEYS */;
UNLOCK TABLES;


# Dump of table Country
# ------------------------------------------------------------

DROP TABLE IF EXISTS `Country`;

CREATE TABLE `Country` (
  `id` int(11) NOT NULL AUTO_INCREMENT,
  `name` varchar(128) COLLATE utf8_bin NOT NULL,
  `iso_code_2` varchar(2) COLLATE utf8_bin NOT NULL DEFAULT '',
  `iso_code_3` varchar(3) COLLATE utf8_bin NOT NULL DEFAULT '',
  `address_format` text COLLATE utf8_bin NOT NULL,
  `postcode_required` tinyint(1) NOT NULL,
  `status` tinyint(1) NOT NULL DEFAULT '1',
  PRIMARY KEY (`id`)
) ENGINE=InnoDB DEFAULT CHARSET=utf8 COLLATE=utf8_bin;

LOCK TABLES `Country` WRITE;
/*!40000 ALTER TABLE `Country` DISABLE KEYS */;

INSERT INTO `Country` (`id`, `name`, `iso_code_2`, `iso_code_3`, `address_format`, `postcode_required`, `status`)
VALUES
	(1,X'41666768616E697374616E',X'4146',X'414647','',0,1),
	(2,X'416C62616E6961',X'414C',X'414C42','',0,1),
	(3,X'416C6765726961',X'445A',X'445A41','',0,1),
	(4,X'416D65726963616E2053616D6F61',X'4153',X'41534D','',0,1),
	(5,X'416E646F727261',X'4144',X'414E44','',0,1),
	(6,X'416E676F6C61',X'414F',X'41474F','',0,1),
	(7,X'416E6775696C6C61',X'4149',X'414941','',0,1),
	(8,X'416E7461726374696361',X'4151',X'415441','',0,1),
	(9,X'416E746967756120616E642042617262756461',X'4147',X'415447','',0,1),
	(10,X'417267656E74696E61',X'4152',X'415247','',0,1),
	(11,X'41726D656E6961',X'414D',X'41524D','',0,1),
	(12,X'4172756261',X'4157',X'414257','',0,1),
	(13,X'4175737472616C6961',X'4155',X'415553','',0,1),
	(14,X'41757374726961',X'4154',X'415554','',0,1),
	(15,X'417A65726261696A616E',X'415A',X'415A45','',0,1),
	(16,X'426168616D6173',X'4253',X'424853','',0,1),
	(17,X'4261687261696E',X'4248',X'424852','',0,1),
	(18,X'42616E676C6164657368',X'4244',X'424744','',0,1),
	(19,X'4261726261646F73',X'4242',X'425242','',0,1),
	(20,X'42656C61727573',X'4259',X'424C52','',0,1),
	(21,X'42656C6769756D',X'4245',X'42454C','',0,1),
	(22,X'42656C697A65',X'425A',X'424C5A','',0,1),
	(23,X'42656E696E',X'424A',X'42454E','',0,1),
	(24,X'4265726D756461',X'424D',X'424D55','',0,1),
	(25,X'42687574616E',X'4254',X'42544E','',0,1),
	(26,X'426F6C69766961',X'424F',X'424F4C','',0,1),
	(27,X'426F736E696120616E64204865727A65676F77696E61',X'4241',X'424948','',0,1),
	(28,X'426F747377616E61',X'4257',X'425741','',0,1),
	(29,X'426F757665742049736C616E64',X'4256',X'425654','',0,1),
	(30,X'4272617A696C',X'4252',X'425241','',0,1),
	(31,X'4272697469736820496E6469616E204F6365616E205465727269746F7279',X'494F',X'494F54','',0,1),
	(32,X'4272756E656920446172757373616C616D',X'424E',X'42524E','',0,1),
	(33,X'42756C6761726961',X'4247',X'424752','',0,1),
	(34,X'4275726B696E61204661736F',X'4246',X'424641','',0,1),
	(35,X'427572756E6469',X'4249',X'424449','',0,1),
	(36,X'43616D626F646961',X'4B48',X'4B484D','',0,1),
	(37,X'43616D65726F6F6E',X'434D',X'434D52','',0,1),
	(38,X'43616E616461',X'4341',X'43414E','',0,1),
	(39,X'43617065205665726465',X'4356',X'435056','',0,1),
	(40,X'4361796D616E2049736C616E6473',X'4B59',X'43594D','',0,1),
	(41,X'43656E7472616C204166726963616E2052657075626C6963',X'4346',X'434146','',0,1),
	(42,X'43686164',X'5444',X'544344','',0,1),
	(43,X'4368696C65',X'434C',X'43484C','',0,1),
	(44,X'4368696E61',X'434E',X'43484E','',0,1),
	(45,X'4368726973746D61732049736C616E64',X'4358',X'435852','',0,1),
	(46,X'436F636F7320284B65656C696E67292049736C616E6473',X'4343',X'43434B','',0,1),
	(47,X'436F6C6F6D626961',X'434F',X'434F4C','',0,1),
	(48,X'436F6D6F726F73',X'4B4D',X'434F4D','',0,1),
	(49,X'436F6E676F',X'4347',X'434F47','',0,1),
	(50,X'436F6F6B2049736C616E6473',X'434B',X'434F4B','',0,1),
	(51,X'436F7374612052696361',X'4352',X'435249','',0,1),
	(52,X'436F746520442749766F697265',X'4349',X'434956','',0,1),
	(53,X'43726F61746961',X'4852',X'485256','',0,1),
	(54,X'43756261',X'4355',X'435542','',0,1),
	(55,X'437970727573',X'4359',X'435950','',0,1),
	(56,X'437A6563682052657075626C6963',X'435A',X'435A45','',0,1),
	(57,X'44656E6D61726B',X'444B',X'444E4B','',0,1),
	(58,X'446A69626F757469',X'444A',X'444A49','',0,1),
	(59,X'446F6D696E696361',X'444D',X'444D41','',0,1),
	(60,X'446F6D696E6963616E2052657075626C6963',X'444F',X'444F4D','',0,1),
	(61,X'456173742054696D6F72',X'5450',X'544D50','',0,1),
	(62,X'45637561646F72',X'4543',X'454355','',0,1),
	(63,X'4567797074',X'4547',X'454759','',0,1),
	(64,X'456C2053616C7661646F72',X'5356',X'534C56','',0,1),
	(65,X'45717561746F7269616C204775696E6561',X'4751',X'474E51','',0,1),
	(66,X'45726974726561',X'4552',X'455249','',0,1),
	(67,X'4573746F6E6961',X'4545',X'455354','',0,1),
	(68,X'457468696F706961',X'4554',X'455448','',0,1),
	(69,X'46616C6B6C616E642049736C616E647320284D616C76696E617329',X'464B',X'464C4B','',0,1),
	(70,X'4661726F652049736C616E6473',X'464F',X'46524F','',0,1),
	(71,X'46696A69',X'464A',X'464A49','',0,1),
	(72,X'46696E6C616E64',X'4649',X'46494E','',0,1),
	(73,X'4672616E6365',X'4652',X'465241','',0,1),
	(74,X'4672616E63652C204D6574726F706F6C6974616E',X'4658',X'465858','',0,1),
	(75,X'4672656E636820477569616E61',X'4746',X'475546','',0,1),
	(76,X'4672656E636820506F6C796E65736961',X'5046',X'505946','',0,1),
	(77,X'4672656E636820536F75746865726E205465727269746F72696573',X'5446',X'415446','',0,1),
	(78,X'4761626F6E',X'4741',X'474142','',0,1),
	(79,X'47616D626961',X'474D',X'474D42','',0,1),
	(80,X'47656F72676961',X'4745',X'47454F','',0,1),
	(81,X'4765726D616E79',X'4445',X'444555',X'7B636F6D70616E797D0D0A7B66697273746E616D657D207B6C6173746E616D657D0D0A7B616464726573735F317D0D0A7B616464726573735F327D0D0A7B706F7374636F64657D207B636974797D0D0A7B636F756E7472797D',1,1),
	(82,X'4768616E61',X'4748',X'474841','',0,1),
	(83,X'47696272616C746172',X'4749',X'474942','',0,1),
	(84,X'477265656365',X'4752',X'475243','',0,1),
	(85,X'477265656E6C616E64',X'474C',X'47524C','',0,1),
	(86,X'4772656E616461',X'4744',X'475244','',0,1),
	(87,X'47756164656C6F757065',X'4750',X'474C50','',0,1),
	(88,X'4775616D',X'4755',X'47554D','',0,1),
	(89,X'47756174656D616C61',X'4754',X'47544D','',0,1),
	(90,X'4775696E6561',X'474E',X'47494E','',0,1),
	(91,X'4775696E65612D626973736175',X'4757',X'474E42','',0,1),
	(92,X'477579616E61',X'4759',X'475559','',0,1),
	(93,X'4861697469',X'4854',X'485449','',0,1),
	(94,X'486561726420616E64204D6320446F6E616C642049736C616E6473',X'484D',X'484D44','',0,1),
	(95,X'486F6E6475726173',X'484E',X'484E44','',0,1),
	(96,X'486F6E67204B6F6E67',X'484B',X'484B47','',0,1),
	(97,X'48756E67617279',X'4855',X'48554E','',0,1),
	(98,X'4963656C616E64',X'4953',X'49534C','',0,1),
	(99,X'496E646961',X'494E',X'494E44','',0,1),
	(100,X'496E646F6E65736961',X'4944',X'49444E','',0,1),
	(101,X'4972616E202849736C616D69632052657075626C6963206F6629',X'4952',X'49524E','',0,1),
	(102,X'49726171',X'4951',X'495251','',0,1),
	(103,X'4972656C616E64',X'4945',X'49524C','',0,1),
	(104,X'49737261656C',X'494C',X'495352','',0,1),
	(105,X'4974616C79',X'4954',X'495441','',0,1),
	(106,X'4A616D61696361',X'4A4D',X'4A414D','',0,1),
	(107,X'4A6170616E',X'4A50',X'4A504E','',0,1),
	(108,X'4A6F7264616E',X'4A4F',X'4A4F52','',0,1),
	(109,X'4B617A616B687374616E',X'4B5A',X'4B415A','',0,1),
	(110,X'4B656E7961',X'4B45',X'4B454E','',0,1),
	(111,X'4B69726962617469',X'4B49',X'4B4952','',0,1),
	(112,X'4E6F727468204B6F726561',X'4B50',X'50524B','',0,1),
	(113,X'4B6F7265612C2052657075626C6963206F66',X'4B52',X'4B4F52','',0,1),
	(114,X'4B7577616974',X'4B57',X'4B5754','',0,1),
	(115,X'4B797267797A7374616E',X'4B47',X'4B475A','',0,1),
	(116,X'4C616F2050656F706C6527732044656D6F6372617469632052657075626C6963',X'4C41',X'4C414F','',0,1),
	(117,X'4C6174766961',X'4C56',X'4C5641','',0,1),
	(118,X'4C6562616E6F6E',X'4C42',X'4C424E','',0,1),
	(119,X'4C65736F74686F',X'4C53',X'4C534F','',0,1),
	(120,X'4C696265726961',X'4C52',X'4C4252','',0,1),
	(121,X'4C696279616E2041726162204A616D61686972697961',X'4C59',X'4C4259','',0,1),
	(122,X'4C6965636874656E737465696E',X'4C49',X'4C4945','',0,1),
	(123,X'4C69746875616E6961',X'4C54',X'4C5455','',0,1),
	(124,X'4C7578656D626F757267',X'4C55',X'4C5558','',0,1),
	(125,X'4D61636175',X'4D4F',X'4D4143','',0,1),
	(127,X'4D616461676173636172',X'4D47',X'4D4447','',0,1),
	(128,X'4D616C617769',X'4D57',X'4D5749','',0,1),
	(129,X'4D616C6179736961',X'4D59',X'4D5953','',0,1),
	(130,X'4D616C6469766573',X'4D56',X'4D4456','',0,1),
	(131,X'4D616C69',X'4D4C',X'4D4C49','',0,1),
	(132,X'4D616C7461',X'4D54',X'4D4C54','',0,1),
	(133,X'4D61727368616C6C2049736C616E6473',X'4D48',X'4D484C','',0,1),
	(134,X'4D617274696E69717565',X'4D51',X'4D5451','',0,1),
	(135,X'4D6175726974616E6961',X'4D52',X'4D5254','',0,1),
	(136,X'4D6175726974697573',X'4D55',X'4D5553','',0,1),
	(137,X'4D61796F747465',X'5954',X'4D5954','',0,1),
	(138,X'4D657869636F',X'4D58',X'4D4558','',0,1),
	(139,X'4D6963726F6E657369612C2046656465726174656420537461746573206F66',X'464D',X'46534D','',0,1),
	(140,X'4D6F6C646F76612C2052657075626C6963206F66',X'4D44',X'4D4441','',0,1),
	(141,X'4D6F6E61636F',X'4D43',X'4D434F','',0,1),
	(142,X'4D6F6E676F6C6961',X'4D4E',X'4D4E47','',0,1),
	(143,X'4D6F6E74736572726174',X'4D53',X'4D5352','',0,1),
	(144,X'4D6F726F63636F',X'4D41',X'4D4152','',0,1),
	(145,X'4D6F7A616D6269717565',X'4D5A',X'4D4F5A','',0,1),
	(146,X'4D79616E6D6172',X'4D4D',X'4D4D52','',0,1),
	(147,X'4E616D69626961',X'4E41',X'4E414D','',0,1),
	(148,X'4E61757275',X'4E52',X'4E5255','',0,1),
	(149,X'4E6570616C',X'4E50',X'4E504C','',0,1),
	(150,X'4E65746865726C616E6473',X'4E4C',X'4E4C44','',0,1),
	(151,X'4E65746865726C616E647320416E74696C6C6573',X'414E',X'414E54','',0,1),
	(152,X'4E65772043616C65646F6E6961',X'4E43',X'4E434C','',0,1),
	(153,X'4E6577205A65616C616E64',X'4E5A',X'4E5A4C','',0,1),
	(154,X'4E6963617261677561',X'4E49',X'4E4943','',0,1),
	(155,X'4E69676572',X'4E45',X'4E4552','',0,1),
	(156,X'4E696765726961',X'4E47',X'4E4741','',0,1),
	(157,X'4E697565',X'4E55',X'4E4955','',0,1),
	(158,X'4E6F72666F6C6B2049736C616E64',X'4E46',X'4E464B','',0,1),
	(159,X'4E6F72746865726E204D617269616E612049736C616E6473',X'4D50',X'4D4E50','',0,1),
	(160,X'4E6F72776179',X'4E4F',X'4E4F52','',0,1),
	(161,X'4F6D616E',X'4F4D',X'4F4D4E','',0,1),
	(162,X'50616B697374616E',X'504B',X'50414B','',0,1),
	(163,X'50616C6175',X'5057',X'504C57','',0,1),
	(164,X'50616E616D61',X'5041',X'50414E','',0,1),
	(165,X'5061707561204E6577204775696E6561',X'5047',X'504E47','',0,1),
	(166,X'5061726167756179',X'5059',X'505259','',0,1),
	(167,X'50657275',X'5045',X'504552','',0,1),
	(168,X'5068696C697070696E6573',X'5048',X'50484C','',0,1),
	(169,X'506974636169726E',X'504E',X'50434E','',0,1),
	(170,X'506F6C616E64',X'504C',X'504F4C','',0,1),
	(171,X'506F72747567616C',X'5054',X'505254','',0,1),
	(172,X'50756572746F205269636F',X'5052',X'505249','',0,1),
	(173,X'5161746172',X'5141',X'514154','',0,1),
	(174,X'5265756E696F6E',X'5245',X'524555','',0,1),
	(175,X'526F6D616E6961',X'524F',X'524F4D','',0,1),
	(176,X'5275737369616E2046656465726174696F6E',X'5255',X'525553','',0,1),
	(177,X'5277616E6461',X'5257',X'525741','',0,1),
	(178,X'5361696E74204B6974747320616E64204E65766973',X'4B4E',X'4B4E41','',0,1),
	(179,X'5361696E74204C75636961',X'4C43',X'4C4341','',0,1),
	(180,X'5361696E742056696E63656E7420616E6420746865204772656E6164696E6573',X'5643',X'564354','',0,1),
	(181,X'53616D6F61',X'5753',X'57534D','',0,1),
	(182,X'53616E204D6172696E6F',X'534D',X'534D52','',0,1),
	(183,X'53616F20546F6D6520616E64205072696E63697065',X'5354',X'535450','',0,1),
	(184,X'536175646920417261626961',X'5341',X'534155','',0,1),
	(185,X'53656E6567616C',X'534E',X'53454E','',0,1),
	(186,X'5365796368656C6C6573',X'5343',X'535943','',0,1),
	(187,X'536965727261204C656F6E65',X'534C',X'534C45','',0,1),
	(188,X'53696E6761706F7265',X'5347',X'534750','',0,1),
	(189,X'536C6F76616B2052657075626C6963',X'534B',X'53564B',X'7B66697273746E616D657D207B6C6173746E616D657D0D0A7B636F6D70616E797D0D0A7B616464726573735F317D0D0A7B616464726573735F327D0D0A7B636974797D207B706F7374636F64657D0D0A7B7A6F6E657D0D0A7B636F756E7472797D',0,1),
	(190,X'536C6F76656E6961',X'5349',X'53564E','',0,1),
	(191,X'536F6C6F6D6F6E2049736C616E6473',X'5342',X'534C42','',0,1),
	(192,X'536F6D616C6961',X'534F',X'534F4D','',0,1),
	(193,X'536F75746820416672696361',X'5A41',X'5A4146','',0,1),
	(194,X'536F7574682047656F726769612026616D703B20536F7574682053616E64776963682049736C616E6473',X'4753',X'534753','',0,1),
	(195,X'537061696E',X'4553',X'455350','',0,1),
	(196,X'537269204C616E6B61',X'4C4B',X'4C4B41','',0,1),
	(197,X'53742E2048656C656E61',X'5348',X'53484E','',0,1),
	(198,X'53742E2050696572726520616E64204D697175656C6F6E',X'504D',X'53504D','',0,1),
	(199,X'537564616E',X'5344',X'53444E','',0,1),
	(200,X'537572696E616D65',X'5352',X'535552','',0,1),
	(201,X'5376616C6261726420616E64204A616E204D6179656E2049736C616E6473',X'534A',X'534A4D','',0,1),
	(202,X'5377617A696C616E64',X'535A',X'53575A','',0,1),
	(203,X'53776564656E',X'5345',X'535745','',0,1),
	(204,X'537769747A65726C616E64',X'4348',X'434845','',0,1),
	(205,X'53797269616E20417261622052657075626C6963',X'5359',X'535952','',0,1),
	(206,X'54616977616E',X'5457',X'54574E','',0,1),
	(207,X'54616A696B697374616E',X'544A',X'544A4B','',0,1),
	(208,X'54616E7A616E69612C20556E697465642052657075626C6963206F66',X'545A',X'545A41','',0,1),
	(209,X'546861696C616E64',X'5448',X'544841','',0,1),
	(210,X'546F676F',X'5447',X'54474F','',0,1),
	(211,X'546F6B656C6175',X'544B',X'544B4C','',0,1),
	(212,X'546F6E6761',X'544F',X'544F4E','',0,1),
	(213,X'5472696E6964616420616E6420546F6261676F',X'5454',X'54544F','',0,1),
	(214,X'54756E69736961',X'544E',X'54554E','',0,1),
	(215,X'5475726B6579',X'5452',X'545552','',0,1),
	(216,X'5475726B6D656E697374616E',X'544D',X'544B4D','',0,1),
	(217,X'5475726B7320616E6420436169636F732049736C616E6473',X'5443',X'544341','',0,1),
	(218,X'547576616C75',X'5456',X'545556','',0,1),
	(219,X'5567616E6461',X'5547',X'554741','',0,1),
	(220,X'556B7261696E65',X'5541',X'554B52','',0,1),
	(221,X'556E69746564204172616220456D697261746573',X'4145',X'415245','',0,1),
	(222,X'556E69746564204B696E67646F6D',X'4742',X'474252','',1,1),
	(223,X'556E6974656420537461746573',X'5553',X'555341',X'7B66697273746E616D657D207B6C6173746E616D657D0D0A7B636F6D70616E797D0D0A7B616464726573735F317D0D0A7B616464726573735F327D0D0A7B636974797D2C207B7A6F6E657D207B706F7374636F64657D0D0A7B636F756E7472797D',0,1),
	(224,X'556E6974656420537461746573204D696E6F72204F75746C79696E672049736C616E6473',X'554D',X'554D49','',0,1),
	(225,X'55727567756179',X'5559',X'555259','',0,1),
	(226,X'557A62656B697374616E',X'555A',X'555A42','',0,1),
	(227,X'56616E75617475',X'5655',X'565554','',0,1),
	(228,X'5661746963616E20436974792053746174652028486F6C792053656529',X'5641',X'564154','',0,1),
	(229,X'56656E657A75656C61',X'5645',X'56454E','',0,1),
	(230,X'56696574204E616D',X'564E',X'564E4D','',0,1),
	(231,X'56697267696E2049736C616E647320284272697469736829',X'5647',X'564742','',0,1),
	(232,X'56697267696E2049736C616E64732028552E532E29',X'5649',X'564952','',0,1),
	(233,X'57616C6C697320616E6420467574756E612049736C616E6473',X'5746',X'574C46','',0,1),
	(234,X'5765737465726E20536168617261',X'4548',X'455348','',0,1),
	(235,X'59656D656E',X'5945',X'59454D','',0,1),
	(236,X'5975676F736C61766961',X'5955',X'595547','',0,1),
	(237,X'44656D6F6372617469632052657075626C6963206F6620436F6E676F',X'4344',X'434F44','',0,1),
	(238,X'5A616D626961',X'5A4D',X'5A4D42','',0,1),
	(239,X'5A696D6261627765',X'5A57',X'5A5745','',0,1);

/*!40000 ALTER TABLE `Country` ENABLE KEYS */;
UNLOCK TABLES;


# Dump of table element_attribute
# ------------------------------------------------------------

DROP TABLE IF EXISTS `element_attribute`;

CREATE TABLE `element_attribute` (
  `name` varchar(25) NOT NULL DEFAULT '',
  `theme` varchar(25) DEFAULT NULL,
  PRIMARY KEY (`name`)
) ENGINE=InnoDB DEFAULT CHARSET=latin1;

LOCK TABLES `element_attribute` WRITE;
/*!40000 ALTER TABLE `element_attribute` DISABLE KEYS */;

INSERT INTO `element_attribute` (`name`, `theme`)
VALUES
	('class','unify'),
	('data-masterspeed','unify'),
	('data-slotamount','unify'),
	('data-title','unify'),
	('data-transition','unify');

/*!40000 ALTER TABLE `element_attribute` ENABLE KEYS */;
UNLOCK TABLES;


# Dump of table image
# ------------------------------------------------------------

DROP TABLE IF EXISTS `image`;

CREATE TABLE `image` (
  `id` int(11) NOT NULL AUTO_INCREMENT,
  `filePath` varchar(400) NOT NULL,
  `itemId` int(20) NOT NULL,
  `isMain` int(1) DEFAULT NULL,
  `modelName` varchar(150) NOT NULL,
  `urlAlias` varchar(400) NOT NULL,
  PRIMARY KEY (`id`)
) ENGINE=InnoDB DEFAULT CHARSET=latin1;

LOCK TABLES `image` WRITE;
/*!40000 ALTER TABLE `image` DISABLE KEYS */;

INSERT INTO `image` (`id`, `filePath`, `itemId`, `isMain`, `modelName`, `urlAlias`)
VALUES
	(30,'Profiles/Profile31/aa5c81.',31,1,'Profile','a15c4a4916-1'),
	(32,'Profiles/Profile32/eaf283.',32,1,'Profile','21785a1c4b-1'),
	(64,'Qrinfos/Qrinfo1/2a5f77.',1,1,'Qrinfo','823842308a-1'),
	(65,'Qrinfos/Qrinfo2/5fef08.',2,1,'Qrinfo','c8a64c43a0-1'),
	(71,'WebcomicSequences/WebcomicSequence33/c55f2b.',33,1,'WebcomicSequence','4935e31ee1-1'),
	(72,'WebcomicSequences/WebcomicSequence34/5daf53.',34,1,'WebcomicSequence','e7097029ca-1'),
	(73,'WebcomicSequences/WebcomicSequence35/d5b305.',35,1,'WebcomicSequence','522778bc0c-1'),
	(74,'WebcomicSequences/WebcomicSequence36/02a74c.',36,1,'WebcomicSequence','e38e1bc7ee-1'),
	(80,'WebcomicSequences/WebcomicSequence42/0fd9ff.',42,1,'WebcomicSequence','effd3e45da-1'),
	(81,'WebcomicSequences/WebcomicSequence43/ae2a21.',43,1,'WebcomicSequence','0fe06e4b25-1'),
	(85,'WebcomicSequences/WebcomicSequence49/0ecd1f.',49,1,'WebcomicSequence','790e27e9f4-1'),
	(86,'WebcomicSequences/WebcomicSequence47/e6d5e8.',47,1,'WebcomicSequence','7c884f8f47-1'),
	(87,'WebcomicSequences/WebcomicSequence48/472fcc.',48,1,'WebcomicSequence','d32789d746-1'),
	(88,'WebcomicSequences/WebcomicSequence50/373455.',50,1,'WebcomicSequence','c49f9deb02-1'),
	(89,'WebcomicSequences/WebcomicSequence51/37ab12.',51,1,'WebcomicSequence','eb45e2695a-1'),
	(90,'WebcomicSequences/WebcomicSequence52/c596aa.',52,1,'WebcomicSequence','3988eb6cc1-1'),
	(91,'WebcomicSequences/WebcomicSequence53/cfd3be.',53,1,'WebcomicSequence','66a47a6e86-1'),
	(92,'WebcomicSequences/WebcomicSequence54/b73772.',54,1,'WebcomicSequence','55cc89316d-1');

/*!40000 ALTER TABLE `image` ENABLE KEYS */;
UNLOCK TABLES;


# Dump of table migration
# ------------------------------------------------------------

DROP TABLE IF EXISTS `migration`;

CREATE TABLE `migration` (
  `version` varchar(180) NOT NULL,
  `apply_time` int(11) DEFAULT NULL,
  PRIMARY KEY (`version`)
) ENGINE=InnoDB DEFAULT CHARSET=latin1;

LOCK TABLES `migration` WRITE;
/*!40000 ALTER TABLE `migration` DISABLE KEYS */;

INSERT INTO `migration` (`version`, `apply_time`)
VALUES
	('m000000_000000_base',1423982905),
	('m130524_201442_init',1423982912),
	('m140622_111540_create_image_table',1427539177);

/*!40000 ALTER TABLE `migration` ENABLE KEYS */;
UNLOCK TABLES;


# Dump of table motioncomic_sequence
# ------------------------------------------------------------

DROP TABLE IF EXISTS `motioncomic_sequence`;

CREATE TABLE `motioncomic_sequence` (
  `id` int(11) NOT NULL AUTO_INCREMENT,
  `qrcode_id` int(11) unsigned NOT NULL,
  `sequence` int(11) DEFAULT NULL,
  `filename` varchar(255) DEFAULT NULL,
  `width` varchar(4) DEFAULT NULL,
  `height` varchar(4) DEFAULT NULL,
  `options` text,
  PRIMARY KEY (`id`),
  KEY `fk_motioncomic_sequence_qrcode1_idx` (`qrcode_id`),
  CONSTRAINT `fk_motioncomic_sequence_qrcode1` FOREIGN KEY (`qrcode_id`) REFERENCES `qrcode` (`id`) ON DELETE NO ACTION ON UPDATE NO ACTION
) ENGINE=InnoDB DEFAULT CHARSET=latin1;

LOCK TABLES `motioncomic_sequence` WRITE;
/*!40000 ALTER TABLE `motioncomic_sequence` DISABLE KEYS */;

INSERT INTO `motioncomic_sequence` (`id`, `qrcode_id`, `sequence`, `filename`, `width`, `height`, `options`)
VALUES
	(1,6,NULL,'https://player.vimeo.com/video/123454903','500','281','<iframe src=\"https://player.vimeo.com/video/123454903\" width=\"500\" height=\"281\" frameborder=\"0\" webkitallowfullscreen mozallowfullscreen allowfullscreen></iframe>'),
	(2,3,NULL,'https://player.vimeo.com/video/123759973?color=f0a400&badge=0','500','281','<iframe src=\"https://player.vimeo.com/video/123759973?color=f0a400&badge=0\" width=\"500\" height=\"281\" frameborder=\"0\" webkitallowfullscreen mozallowfullscreen allowfullscreen></iframe>');

/*!40000 ALTER TABLE `motioncomic_sequence` ENABLE KEYS */;
UNLOCK TABLES;


# Dump of table profile
# ------------------------------------------------------------

DROP TABLE IF EXISTS `profile`;

CREATE TABLE `profile` (
  `id` int(11) NOT NULL AUTO_INCREMENT,
  `first_name` varchar(45) NOT NULL,
  `last_name` varchar(45) NOT NULL,
  `alias` varchar(45) NOT NULL,
  `profile_image` varchar(45) DEFAULT NULL,
  PRIMARY KEY (`id`)
) ENGINE=InnoDB DEFAULT CHARSET=latin1;

LOCK TABLES `profile` WRITE;
/*!40000 ALTER TABLE `profile` DISABLE KEYS */;

INSERT INTO `profile` (`id`, `first_name`, `last_name`, `alias`, `profile_image`)
VALUES
	(31,'Roslan','Kassim','Petai','PetaiFB.jpg'),
	(32,'Sol','Ghazali','Rambai',NULL);

/*!40000 ALTER TABLE `profile` ENABLE KEYS */;
UNLOCK TABLES;


# Dump of table qrcode
# ------------------------------------------------------------

DROP TABLE IF EXISTS `qrcode`;

CREATE TABLE `qrcode` (
  `id` int(11) unsigned NOT NULL AUTO_INCREMENT,
  `code` varchar(19) NOT NULL DEFAULT '',
  `created_at` int(11) DEFAULT NULL,
  `updated_at` int(11) DEFAULT NULL,
  `create_by` int(11) DEFAULT NULL,
  `start_at` int(11) DEFAULT NULL,
  `end_by` int(11) DEFAULT NULL,
  `updated_by` int(11) DEFAULT NULL,
  `category_id` int(11) NOT NULL,
  `client_id` int(11) NOT NULL,
  PRIMARY KEY (`id`)
) ENGINE=InnoDB DEFAULT CHARSET=latin1;

LOCK TABLES `qrcode` WRITE;
/*!40000 ALTER TABLE `qrcode` DISABLE KEYS */;

INSERT INTO `qrcode` (`id`, `code`, `created_at`, `updated_at`, `create_by`, `start_at`, `end_by`, `updated_by`, `category_id`, `client_id`)
VALUES
	(1,'123456',NULL,NULL,NULL,NULL,NULL,NULL,1,2),
	(2,'1234561',NULL,NULL,NULL,NULL,NULL,NULL,1,1),
	(3,'11111111',NULL,NULL,NULL,NULL,NULL,NULL,3,1),
	(4,'122233',NULL,NULL,NULL,NULL,NULL,NULL,1,2),
	(5,'455677',NULL,NULL,NULL,NULL,NULL,NULL,1,2),
	(6,'333444',NULL,NULL,NULL,NULL,NULL,NULL,3,2);

/*!40000 ALTER TABLE `qrcode` ENABLE KEYS */;
UNLOCK TABLES;


# Dump of table qrinfo
# ------------------------------------------------------------

DROP TABLE IF EXISTS `qrinfo`;

CREATE TABLE `qrinfo` (
  `id` int(11) NOT NULL AUTO_INCREMENT,
  `artist_id` int(11) NOT NULL,
  `author_id` int(11) DEFAULT NULL,
  `grartist_id` int(11) DEFAULT NULL,
  `description` text,
  `qrcode_id` int(11) unsigned NOT NULL,
  PRIMARY KEY (`id`),
  KEY `fk_qrinfo_qrcode1_idx` (`qrcode_id`),
  CONSTRAINT `fk_qrinfo_qrcode1` FOREIGN KEY (`qrcode_id`) REFERENCES `qrcode` (`id`) ON DELETE NO ACTION ON UPDATE NO ACTION
) ENGINE=InnoDB DEFAULT CHARSET=latin1;

LOCK TABLES `qrinfo` WRITE;
/*!40000 ALTER TABLE `qrinfo` DISABLE KEYS */;

INSERT INTO `qrinfo` (`id`, `artist_id`, `author_id`, `grartist_id`, `description`, `qrcode_id`)
VALUES
	(1,31,31,32,'',1),
	(2,32,32,31,'',3);

/*!40000 ALTER TABLE `qrinfo` ENABLE KEYS */;
UNLOCK TABLES;


# Dump of table user
# ------------------------------------------------------------

DROP TABLE IF EXISTS `user`;

CREATE TABLE `user` (
  `id` int(11) NOT NULL AUTO_INCREMENT,
  `username` varchar(255) COLLATE utf8_unicode_ci NOT NULL,
  `auth_key` varchar(32) COLLATE utf8_unicode_ci NOT NULL,
  `password_hash` varchar(255) COLLATE utf8_unicode_ci NOT NULL,
  `password_reset_token` varchar(255) COLLATE utf8_unicode_ci DEFAULT NULL,
  `email` varchar(255) COLLATE utf8_unicode_ci NOT NULL,
  `status` smallint(6) NOT NULL DEFAULT '10',
  `created_at` int(11) NOT NULL,
  `updated_at` int(11) NOT NULL,
  PRIMARY KEY (`id`)
) ENGINE=InnoDB DEFAULT CHARSET=utf8 COLLATE=utf8_unicode_ci;

LOCK TABLES `user` WRITE;
/*!40000 ALTER TABLE `user` DISABLE KEYS */;

INSERT INTO `user` (`id`, `username`, `auth_key`, `password_hash`, `password_reset_token`, `email`, `status`, `created_at`, `updated_at`)
VALUES
	(2,'admin','_5bNk5btrhOWbilwjMeL3rhqXEirtUSV','$2y$13$TF8N3KGgkdhxz7dokELz5eAV7NBr2eNID4pjoCpZEuyNWI12i2UQe',NULL,'fahmy@moy.com.my',10,1423744672,1423744672),
	(3,'superadmin','YdmiMoyrG9XiiUS0-GQnHqIRD9FCnK7n','$2y$13$fZH/Be88t2YuQoYc59dZVepKsXMEDwttkczpmSjpsUmhU2/hoxo4.',NULL,'fahmy@bekazon.com',10,1423744694,1423744694),
	(7,'fnoorman','yvG3xY8qGUBZpp77NL34gCwM4HuLyYnl','$2y$13$wd6ePqrcnoj8ZuRgB7AlBOJMx3WWYmaOr32Qx8iJ3e/7y56K7lVou',NULL,'fahmy@aptinventions.com',10,1424013117,1424013117);

/*!40000 ALTER TABLE `user` ENABLE KEYS */;
UNLOCK TABLES;


# Dump of table webcomic_sequence
# ------------------------------------------------------------

DROP TABLE IF EXISTS `webcomic_sequence`;

CREATE TABLE `webcomic_sequence` (
  `id` int(11) unsigned NOT NULL AUTO_INCREMENT,
  `qrcode_id` int(11) unsigned NOT NULL,
  `sequence` int(11) DEFAULT NULL,
  `filename` varchar(45) DEFAULT NULL,
  PRIMARY KEY (`id`),
  KEY `fk_webcomic_qrcode1_idx` (`qrcode_id`),
  CONSTRAINT `fk_webcomic_qrcode1` FOREIGN KEY (`qrcode_id`) REFERENCES `qrcode` (`id`) ON DELETE NO ACTION ON UPDATE NO ACTION
) ENGINE=InnoDB DEFAULT CHARSET=latin1;

LOCK TABLES `webcomic_sequence` WRITE;
/*!40000 ALTER TABLE `webcomic_sequence` DISABLE KEYS */;

INSERT INTO `webcomic_sequence` (`id`, `qrcode_id`, `sequence`, `filename`)
VALUES
	(33,1,1,NULL),
	(34,1,4,NULL),
	(35,1,3,NULL),
	(36,1,2,NULL),
	(42,2,1,'Panel 01.jpg'),
	(43,2,2,'Panel 02.jpg'),
	(47,4,5,'Panel 05.jpg'),
	(48,4,2,'Panel 02.jpg'),
	(49,4,3,'Panel 03.jpg'),
	(50,4,1,'Panel 01.jpg'),
	(51,4,4,'Panel 04.jpg'),
	(52,4,6,'Panel 06.jpg'),
	(53,4,8,'Panel 08.jpg'),
	(54,4,7,'Panel 07.jpg');

/*!40000 ALTER TABLE `webcomic_sequence` ENABLE KEYS */;
UNLOCK TABLES;



/*!40111 SET SQL_NOTES=@OLD_SQL_NOTES */;
/*!40101 SET SQL_MODE=@OLD_SQL_MODE */;
/*!40014 SET FOREIGN_KEY_CHECKS=@OLD_FOREIGN_KEY_CHECKS */;
/*!40101 SET CHARACTER_SET_CLIENT=@OLD_CHARACTER_SET_CLIENT */;
/*!40101 SET CHARACTER_SET_RESULTS=@OLD_CHARACTER_SET_RESULTS */;
/*!40101 SET COLLATION_CONNECTION=@OLD_COLLATION_CONNECTION */;
